"0","library(""ggplot2"")"
"0","library(""ggpubr"")"
"2","Registered S3 method overwritten by 'data.table':
  method           from
  print.data.table     
"
"0","library(""plotly"")"
"2","Registered S3 method overwritten by 'htmlwidgets':
  method           from         
  print.htmlwidget tools:rstudio
"
"2","
Attaching package: ‘plotly’

"
"2","The following object is masked from ‘package:ggplot2’:

    last_plot

"
"2","The following object is masked from ‘package:stats’:

    filter

"
"2","The following object is masked from ‘package:graphics’:

    layout

"
"0","library(""readxl"")"
"0",""
"0","data(cars)"
"0","FGZ_Precip <- read_excel(""Flag_Precip.xlsx"")"
"0","data(EuStockMarkets)"
"0","data(iris)"
"0","data(PlantGrowth)"
